lambda,where,tau_diff_avg,tau_diff_std,tau_diff_lower,tau_diff_upper,lambda
0.0,41,0.009472990777338552,0.021960563947724623,-0.00623555887832581,0.025181540433002914,0.0
0.001,41,0.009472990777338552,0.021960563947724623,-0.00623555887832581,0.025181540433002914,0.001
0.01,41,0.009472990777338552,0.021960563947724623,-0.00623555887832581,0.025181540433002914,0.01
0.1,41,0.009472990777338552,0.021960563947724623,-0.00623555887832581,0.025181540433002914,0.1
1.0,42,0.009472990777338552,0.021960563947724623,-0.00623555887832581,0.025181540433002914,1.0
10.0,31,0.007457180500658728,0.03679279503977879,-0.018860970947038053,0.03377533194835551,10.0
100.0,131,0.004417466591379637,0.03475282883693257,-0.020441482329935434,0.02927641551269471,100.0
