,avg,std
Average,0.0,0.0
Additive,-0.00459250894033505,0.025585686052687913
Multiplicative,-0.006474684735554325,0.022786612394369857
Hybrid,0.010389610389610393,0.015487916727271223
Multi-factor,-0.0027103331451157507,0.02850287878335339
Borda,0.0004517221908526325,0.01836201162020835
Logistic,-0.007811029550159954,0.02841848610845844
