,avg,std
Average,0.0,0.0
Additive,-0.00459250894033505,0.025585686052687913
Multiplicative,-0.0116694899303595,0.02612497972452603
Hybrid,0.010389610389610393,0.015487916727271223
Multi-factor,-0.0027103331451157507,0.02850287878335339
Borda,0.003914925654056089,0.019545070272048437
Logistic,-0.0031808770939205644,0.027009478426234412
