lambda,where,tau_diff_avg,tau_diff_std,tau_diff_lower,tau_diff_upper,lambda
0.0,47,0.005341614906832303,0.04371524068084949,-0.025928211796119628,0.03661144160978424,0.0
0.001,47,0.005341614906832303,0.04371524068084949,-0.025928211796119628,0.03661144160978424,0.001
0.01,47,0.005341614906832303,0.04371524068084949,-0.025928211796119628,0.03661144160978424,0.01
0.1,40,0.005275738753999637,0.04512484275016211,-0.027002386467753263,0.037553863975752534,0.1
1.0,41,0.004551101072840213,0.045405581905974,-0.027927838890276245,0.037030041035956675,1.0
10.0,30,0.00014869188782232757,0.04290692868468391,-0.030542943418985984,0.030840327194630642,10.0
100.0,83,0.002926783361565999,0.0327528841804891,-0.020501590733933726,0.026355157457065723,100.0
