,avg,std
Average,0.0,0.0
Additive,-0.00318087709392052,0.03427010053311163
Multiplicative,0.004950122341426733,0.0379665464181112
Hybrid,-0.0002823263692828482,0.028625474509868007
Multi-factor,-0.0031808770939205423,0.039883778084494406
Borda,0.004347826086956563,0.024691994461695402
Logistic,-0.0031808770939205644,0.027009478426234412
