,max,row_max,col_max
2,-0.009875776397515513,40,80
4,-0.003977037455298316,40,0
8,0.0015245623941276044,40,0
16,0.01270280444193489,20,0
32,-0.006004140786749479,20,0
64,-0.0022774327122153104,20,0
128,0.0016073781291172761,20,0
