,CA,FR,RU
0,0.7080725777960455,0.020584494295802447,0.9699098521619943
1,0.8324426408004217,0.21233911067827616,0.18182496720710062
